recipe_type,title,name,overview,method,ingredients,tags,portions,author,image
mains,Mac and Cheese,macandcheese,simple yet effective,cook,mac,#cheese,2,Chris Hext,img-01.jpg
deserts,Cheesecake,cheesecake,simple yet effective,bake,sugar,#cake,2,Chris Hext,noimage1.jpg
mains,Sweet Potato,sweetyp,simple yet effective,cook,mac,#cheese,2,Chris Hext,img-01.jpg
mains,Burger,burger,simple yet effective,cook,mac,#cheese,2,Chris Hext,img-01.jpg
mains,Curry,curry,simple yet effective,cook,mac,#cheese,2,Chris Hext,img-01.jpg
mains,Pasta,pasta,simple yet effective,cook,mac,#cheese,2,Chris Hext,img-01.jpg
mains,Pasta,pastaandcheese,simple yet effective,"1. Open
2. Cook

3. Eat",mac,#cheese,2,Chris Hext,img-01.jpg
mains,Sweet Potato Curry,sweetpotatocurry,Lovely stuff,1...ccc2/44j4jfjfjfndnsffnfnvf,"• tomato 
• chickpea",ff,2,dd,img-01.jpg
deserts,ff,ff,ff,ff,• ff,ff,ff,ff,noimage2.jpg
lunches,ff,ff,fff,ff,• ff,ff,ff,ff,noimage2.jpg
mains,ffff,ffff,fff,,• ggg,gg,fff,gg,noimage2.jpg
mains,ffff,ffff,fff,,• ggg,gg,fff,gg,noimage1.jpg
mains,ffff,ffff,fff,,• ggg,gg,fff,gg,noimage2.jpg
mains,ffff,ffff,ggg,ggg,• ggg,gg,ggg,ggg,noimage3.jpg
